0,0.68575,0.1681,0,0,0,0,0,0,0,0,0,0,0,0,0.14615,0,0,0,0,0,0,0,0,0.023432,0.78418,0.17974,0,0,0,0.0019449,0,0,0,0,0,0,0,0,0.010704,0,0,0,0,0,0,0,0
0,0.77512,0.14943,0,0,0,0,0,0,0,0,0,0,0,0,0.075446,0,0,0,0,0,0,0,0,0.020447,0.82628,0.14191,0,0,0,0.0047627,0,0,0,0,0,0,0,0,0.0066002,0,0,0,0,0,0,0,0
0,0.77353,0.12763,0,0,0,0,0,0,0,0,0,0,0,0,0.098841,0,0,0,0,0,0,0,0,0.017247,0.86763,0.099699,0,0,0,0.010156,0,0,0,0,0,0,0,0,0.0052719,0,0,0,0,0,0,0,0
0,0.79208,0.12127,0,0,0,0,0,0,0,0,0,0,0,0,0.086649,0,0,0,0,0,0,0,0,0.01735,0.84535,0.12652,0,0,0,0.0044519,0,0,0,0,0,0,0,0,0.0063313,0,0,0,0,0,0,0,0
0,0.78154,0.1169,0,0,0,0,0,0,0,0,0,0,0,0,0.10156,0,0,0,0,0,0,0,0,0.020111,0.85287,0.10411,0,0,0,0.016469,0,0,0,0,0,0,0,0,0.0064415,0,0,0,0,0,0,0,0
0,0.80866,0.12294,0,0,0,0,0,0,0,0,0,0,0,0,0.068408,0,0,0,0,0,0,0,0,0.022298,0.8071,0.14564,0,0,0,0.017664,0,0,0,0,0,0,0,0,0.0073009,0,0,0,0,0,0,0,0
0,0.79335,0.13496,0,0,0,0,0,0,0,0,0,0,0,0,0.07168,0,0,0,0,0,0,0,0,0.030409,0.76849,0.17689,0,0,0,0.015995,0,0,0,0,0,0,0,0,0.0082143,0,0,0,0,0,0,0,0
0,0.79648,0.12148,0,0,0,0,0,0,0,0,0,0,0,0,0.082042,0,0,0,0,0,0,0,0,0.032973,0.77001,0.17581,0,0,0,0.012761,0,0,0,0,0,0,0,0,0.0084435,0,0,0,0,0,0,0,0
0,0.83071,0.099834,0,0,0,0,0,0,0,0,0,0,0,0,0.069459,0,0,0,0,0,0,0,0,0.029116,0.78189,0.1721,0,0,0,0.0086105,0,0,0,0,0,0,0,0,0.0082751,0,0,0,0,0,0,0,0
0,0.78502,0.080768,0,0,0,0.059788,0,0,0,0,0,0,0,0,0.074423,0,0,0,0,0,0,0,0,0.030826,0.76274,0.19089,0,0,0,0.0065036,0,0,0,0,0,0,0,0,0.0090459,0,0,0,0,0,0,0,0
0,0.71604,0.079191,0,0,0,0.12698,0,0,0,0,0,0,0,0,0.07779,0,0,0,0,0,0,0,0,0.040133,0.67915,0.2635,0,0,0,0.0060419,0,0,0,0,0,0,0,0,0.01117,0,0,0,0,0,0,0,0
0,0.5523,0.078634,0,0,0,0.28423,0,0,0,0,0,0,0,0,0.084839,0,0,0,0,0,0,0,0,0.048242,0.62484,0.30736,0,0,0,0.0049292,0,0,0,0,0,0,0,0,0.014626,0,0,0,0,0,0,0,0
0,0.38065,0.092079,0,0,0,0.4429,0,0,0,0,0,0,0,0,0.084373,0,0,0,0,0,0,0,0,0.055904,0.6335,0.29036,0,0,0,0.0049857,0,0,0,0,0,0,0,0,0.015252,0,0,0,0,0,0,0,0
0,0.30597,0.10055,0,0,0,0.5105,0,0,0,0,0,0,0,0,0.082977,0,0,0,0,0,0,0,0,0.065541,0.61414,0.29885,0,0,0,0.0056409,0,0,0,0,0,0,0,0,0.015824,0,0,0,0,0,0,0,0
0,0.28254,0.11599,0,0,0,0.53015,0,0,0,0,0,0,0,0,0.071323,0,0,0,0,0,0,0,0,0.027608,0.88683,0.076575,0,0,0,0.0035815,0,0,0,0,0,0,0,0,0.0054,0,0,2.8002e-06,0,0,0,0,0
0,0.29087,0.12341,0,0,0,0.50298,0,0,0,0,0,0,0,0,0.08274,0,0,0,0,0,0,0,0,0.050856,0.76022,0.17357,0,0,0,0.0063319,0,0,0,0,0,0,0,0,0.0090158,0,0,4.5575e-06,0,0,0,0,0
0,0.57175,0.14049,0,0,0,0.20689,0,0,0,0,0,0,0,0,0.080874,0,0,0,0,0,0,0,0,0.06538,0.65351,0.26207,0,0,0,0.0050665,0,0,0,0,0,0,0,0,0.013967,0,0,6.0591e-06,0,0,0,0,0
0,0.34914,0.36714,0,0,0,0.21061,0,0,0,0,0,0,0,0,0.07311,0,0,0,0,0,0,0,0,0.067201,0.60417,0.30081,0,0,0,0.014482,0,0,0,0,0,0,0,0,0.013328,0,0,0,0,0,0,0,0
0,0.13399,0.42356,0,0,0,0.34274,0,0,0,0,0,0,0,0,0.099707,0,0,0,0,0,0,0,0,0.073298,0.62005,0.27706,0,0,0,0.014497,0,0,0,0,0,0,0,0,0.01509,0,0,6.3243e-06,0,0,0,0,0
0,0.095923,0.43415,0,0,0,0.39318,0,0,0,0,0,0,0,0,0.07674,0,0,0,0,0,0,0,0,0.080608,0.62548,0.26513,0,0,0,0.014607,0,0,0,0,0,0,0,0,0.014132,3.6556e-05,0,0,0,0,0,0,0
0,0.17623,0.4105,0,0,0,0.34206,0,0,0,0,0,0,0,0,0.071203,0,0,0,0,0,0,0,0,0.066301,0.66108,0.24341,0,0,0,0.013238,0,0.00036048,0,0,0,0.0016705,0,0,0.013905,3.2805e-05,0,0,0,0,0,0,0
0,0.27179,0.3643,0,0,0,0.2949,0,0,0,0,0,0,0,0,0.06901,0,0,0,0,0,0,0,0,0.080229,0.60454,0.2812,0,0,0,0.017398,0,0.00043755,0,0,0,0.0022194,0,0,0.013927,4.522e-05,0,0,0,0,0,0,0
0,0.2652,0.38636,0,0,0,0.27525,0,0,0,0,0,0,0,0,0.072553,0.00063727,0,0,0,0,0,0,0,0.083717,0.61426,0.24678,0,0,0,0.036024,0,0.00058183,0,0,0,0.0027977,0,0,0.015676,0.00015759,0,0,0,0,0,0,0
0,0.24279,0.35891,0,0,0,0.33078,0,0,0,0,0,0,0,0,0.065673,0.0018481,0,0,0,0,0,0,0,0.11243,0.50295,0.25194,0,0,0,0.1125,0,0.0010871,0,0,0,0.0037793,0,0,0.014334,0.00099146,0,0,0,0,0,0,0
0,0.27649,0.34153,0,0,0,0.30553,0,0,0,0,0,0,0,0,0.074245,0.0022006,0,0,0,0,0,0,0,0.12315,0.39131,0.26317,0,0,0,0.19515,0,0.0022183,0,0,0,0.0044594,0,0,0.018818,0.0017245,0,0,0,0,0,0,0
0,0.25284,0.34732,0,0,0,0.34237,0,0,0,0,0,0,0,0,0.05568,0.0017933,0,0,0,0,0,0,0,0.11342,0.41691,0.23136,0,0,0,0.21344,0,0.0022113,0,0,0,0.0045117,0,0,0.016334,0.0018018,0,0,0,0,0,0,0
0,0.23379,0.32544,0,0,0,0.38497,0,0,0,0,0,0.0023559,0,0,0.052001,0.0014472,0,0,0,0,0,0,0,0.11417,0.39181,0.20766,0,0,0,0.26635,0,0.0021323,0,0,0,0.0049088,0,0,0.010836,0.0021272,0,0,0,0,0,0,0
0,0.27963,0.29089,0,0,0,0.37284,0,0,0,0,0,0.0065554,0,0,0.045291,0.0047937,0,0,0,0,0,0,0,0.13013,0.26743,0.18909,0,0,0,0.38643,0,0.0026928,0,0,0,0.0064008,0,0,0.014638,0.0031965,0,0,0,0,0,0,0
0,0.35014,0.24816,0,0,0,0.32629,0,0,0,0,0,0.0061553,0,0,0.054751,0.014498,0,0,0,0,0,0,0,0.13105,0.23561,0.19268,0,0,0,0.40758,0,0.0035179,0,0,0,0.0075343,0,0,0.017853,0.0041757,0,0,0,0,0,0,0
0,0.40752,0.20226,0,0,0,0.32326,0,0,0,0,0,0.0060285,0,0,0.04626,0.014676,0,0,0,0,0,0,0,0.12049,0.20832,0.16044,0,0,0,0.4754,0,0.0038048,0,0,0,0.0097436,0,0,0.017897,0.0038913,0,6.9344e-06,0,0,0,0,0
0,0.29472,0.22234,0,0,0,0.41397,0,0,0,0,0,0.0060539,0,0,0.044499,0.01842,0,0,0,0,0,0,0,0.10555,0.19813,0.17744,0,0,0,0.4826,0,0.0037791,0,0,0,0.011542,0,0,0.016712,0.0042473,0,6.7935e-06,0,0,0,0,0
0,0.31736,0.23003,0,0,0,0.39239,0,0,0,0,0,0.0059334,0,0,0.030092,0.024203,0,0,0,0,0,0,0,0.12027,0.13256,0.20768,0,0,0,0.49759,0,0.0089367,0,0,0,0.01395,0,0,0.014339,0.0046565,0,1.4618e-05,0,0,0,0,0
0,0.22918,0.22296,0,0,0,0.46807,0,0,0,0,0,0.005054,0,0,0.046397,0.02833,0,0,0,0,0,0,0,0.11533,0.11912,0.19293,0,0,0,0.52512,0,0.010312,0,0,0,0.01456,0,0,0.016643,0.0059604,0,2.1564e-05,0,0,0,0,0
0,0.15244,0.20834,0,0,0,0.5696,0,0,0,0,0,0.0053575,0,0,0.030749,0.033504,0,0,0,0,0,0,0,0.11593,0.11353,0.21373,0,0,0,0.51117,0,0.011202,0,0,0,0.017176,0,0,0.01117,0.0060714,0,2.147e-05,0,0,0,0,0
0,0.19081,0.18683,0,0,0,0.53887,0,0.00024481,0,0,0,0.0060189,0,0,0.030989,0.04624,0,0,0,0,0,0,0,0.10252,0.11251,0.19969,0,0,0,0.52868,0,0.010446,0,0,0,0.020734,0,0,0.016435,0.008963,0,2.8065e-05,0,0,0,0,0
0,0.19588,0.21122,0,0,0,0.47737,0,0.00024161,0,0,0,0.0071752,0,0,0.030632,0.077475,0,0,0,0,0,0,0,0.10268,0.12699,0.20056,0,0,0,0.50441,0,0.013918,0,0,0,0.021789,0,0,0.016398,0.013206,0,5.5105e-05,0,0,0,0,0
0,0.14729,0.17753,0,0,0,0.53119,0,0.00025171,0,0,0,0.0065358,0,0,0.032548,0.10465,0,0,0,0,0,0,0,0.095786,0.13945,0.22391,0,0,0,0.4696,0,0.013834,0,0,0,0.022519,0,0,0.015441,0.019388,0,7.6457e-05,0,0,0,0,0
0,0.10443,0.16462,0,0,0,0.57273,0,0.00035257,0,0,0,0.0062849,0,0,0.029077,0.1225,0,0,0,0,0,0,0,0.078194,0.10541,0.20032,0,0,0,0.54027,0,0.011954,0,0,0,0.023393,0,0,0.016723,0.023651,0,9.5095e-05,0,0,0,0,0
0,0.083157,0.15696,0,0,0,0.57393,0,0.00082933,0,0,0,0.0062644,0,0,0.039143,0.13972,0,0,0,0,0,0,0,0.062472,0.12923,0.17642,0,0,0,0.55091,0,0.011038,0,0,0,0.022989,0,0,0.01629,0.030533,0,0.00011078,0,0,0,0,0
0,0.04708,0.13812,0,0,0,0.58593,0,0.0017111,0,0,0,0.0095351,0,0,0.038167,0.17945,0,0,0,0,0,0,0,0.082443,0.15592,0.14571,0,0,0,0.5218,0,0.013251,0,0,0,0.02404,0,1.3656e-05,0.01656,0.040138,0,0.00013065,0,0,0,0,0
0,0.030614,0.13163,0,0,0,0.63009,0,0.0028925,0,0,0,0.010454,0,0,0.02509,0.16923,0,0,0,0,0,0,0,0.074879,0.11981,0.15329,0,0,0,0.55597,0,0.014831,0,0,0,0.025161,0,2.7584e-05,0.011408,0.044358,0,0.0002639,0,0,0,0,0
0,0.012251,0.144,0,0,0,0.53434,0,0.0035751,0,0,0,0.010341,0,0,0.029874,0.26562,0,0,0,0,0,0,0,0.090045,0.09884,0.16698,0,0,0,0.50238,0,0.01932,0,0,0,0.027836,0,1.4941e-05,0.019666,0.073177,0,0.0017439,0,0,0,0,0
0,0.013117,0.17389,0,0,0,0.50876,0,0.0077858,0,0,0,0.010513,0,0,0.034972,0.25096,0,0,0,0,0,0,0,0.10041,0.097926,0.24044,0,0,0,0.37487,0,0.025613,0,0,0,0.030499,0,6.5291e-05,0.019959,0.10095,0,0.009276,0,0,0,0,0
0,0.010291,0.14564,0,0,0,0.50278,0,0.010263,0,0,0,0.010102,0,0,0.026998,0.29381,0,0.00011663,0,0,0,0,0,0.10273,0.056858,0.22402,0,0,0,0.36628,0,0.031307,0,0,0,0.035254,0,8.3265e-05,0.018113,0.14934,0,0.016012,0,0,0,0,0
0,0.011165,0.14401,0,0,0,0.49456,0,0.010476,0,0,0,0.010275,0,0,0.02804,0.30136,0,0.00011582,0,0,0,0,0,0.10008,0.055755,0.21092,0,0,0,0.37054,0,0.034047,0,0,0,0.03552,0,7.0667e-05,0.019227,0.15379,0,0.020052,0,0,0,0,0
0,0.01437,0.14713,0,0,0,0.47279,0,0.011073,0,0,0,0.0098566,0,0,0.029942,0.31473,0,0.00011722,0,0,0,0,0,0.11045,0.01869,0.22897,0,0,0,0.33036,0,0.039232,0,0,0,0.036852,0,2.167e-05,0.028226,0.17983,0,0.027368,0,0,0,0,0
0,0.014412,0.14463,0,0,0,0.46731,0,0.011141,0,0,0,0.010117,0,0,0.030958,0.32131,0,0.00011609,0,0,0,0,0,0.097787,0.052775,0.19305,0,0,0,0.35718,0,0.039037,0,0,0,0.035158,0,6.8302e-05,0.027139,0.16867,0,0.029136,0,0,0,0,0
0,0.015322,0.14283,0,0,0,0.45961,0,0.011306,0,0,0,0.01023,0,0,0.031823,0.32875,0,0.00011532,0,0,0,0,0,0.10467,0.018816,0.20051,0,0,0,0.33752,0,0.04405,0,0,0,0.036988,0,1.2951e-05,0.029427,0.19126,0,0.036749,0,0,0,0,0
0,0.016753,0.14377,0,0,0,0.4449,0,0.010555,0,0,0,0.009926,0,0,0.031915,0.34205,0,0.00014021,0,0,0,0,0,0.097993,0.052041,0.1713,0,0,0,0.34315,0,0.044955,0,0,0,0.034903,0,5.3218e-05,0.028233,0.1865,0,0.040878,0,0,0,0,0
0,0.017605,0.14393,0,0,0,0.43366,0,0.0098363,0,0,0,0.0096288,0,0,0.03202,0.35316,0,0.00016309,0,0,0,0,0,0.10624,0.019474,0.17214,0,0,0,0.32571,0,0.049973,0,0,0,0.036378,0,1.2565e-05,0.029069,0.20996,0,0.051043,0,0,0,0,0
0,0.018496,0.14409,0,0,0,0.42279,0,0.0091664,0,0,0,0.0093287,0,0,0.032158,0.36378,0,0.0001847,0,0,0,0,0,0.099798,0.052399,0.14728,0,0,0,0.32861,0,0.050661,0,0,0,0.034662,0,5.3282e-05,0.028277,0.20425,0,0.054005,0,0,0,0,0
0,0.019317,0.14424,0,0,0,0.41254,0,0.0085211,0,0,0,0.0090481,0,0,0.032298,0.37383,0,0.00020509,0,0,0,0,0,0.10752,0.019657,0.14568,0,0,0,0.31523,0,0.05537,0,0,0,0.035806,0,1.2394e-05,0.028912,0.22736,0,0.064457,0,0,0,0,0
0,0.017321,0.13952,0,0,0,0.43267,0,0.0094881,0,0,0,0.0089913,0,0,0.030549,0.36121,0,0.00025177,0,0,0,0,0,0.099368,0.050302,0.11479,0,0,0,0.35039,0,0.052914,0,0,0,0.034365,0,3.9425e-05,0.026766,0.20593,0,0.065134,0,0,0,0,0
0,0.016427,0.13713,0,0,0,0.4437,0,0.010563,0,0,0,0.0090026,0,0,0.028792,0.35408,0,0.00030109,0,0,0,0,0,0.1067,0.017811,0.10445,0,0,0,0.36074,0,0.0562,0,0,0,0.035588,0,5.8202e-06,0.025969,0.21664,0,0.075896,0,0,0,0,0
0,0.015409,0.13413,0,0,0,0.4561,0,0.011552,0,0,0,0.0090254,0,0,0.027267,0.34616,0,0.00034924,0,0,0,0,0,0.10064,0.046151,0.078242,0,0,0,0.38701,0,0.054066,0,0,0,0.032974,0,1.3218e-05,0.023598,0.20012,0,0.077184,0,0,0,0,0
0,0.014424,0.13134,0,0,0,0.46791,0,0.012521,0,0,0,0.0090461,0,0,0.025769,0.33859,0,0.00039713,0,0,0,0,0,0.10658,0.014813,0.062563,0,0,0,0.4055,0,0.057596,0,0,0,0.034802,0,0,0.022999,0.20749,0,0.087651,0,0,0,0,0
0,0.013185,0.12334,0.00029195,0.00072827,0.00072829,0.45464,0.0066614,0.012008,0.00034031,0.00076437,0.00076439,0.0088374,2.5987e-05,0,0.025497,0.33852,0.013256,0.00041791,0,0,0,0,0,0.10008,0.047067,0.055658,9.7429e-05,0.00025266,0.00025266,0.38451,0.0057579,0.05122,0.0012272,0.0028002,0.0028003,0.031281,8.6995e-05,1.0087e-05,0.022283,0.20316,0.0063927,0.085068,0,0,3.6084e-07,0,0
0,0.011276,0.11552,0.00066568,0.001339,0.0013277,0.44402,0.013197,0.01147,0.00080007,0.0017415,0.0017315,0.0084431,5.5727e-05,0,0.024936,0.33699,0.026056,0.0004364,0,0,0,0,0,0.10292,0.012921,0.053753,0.00026832,0.00066525,0.00067029,0.36931,0.014098,0.049099,0.0033563,0.0082384,0.0082339,0.03226,0.00019838,8.1438e-06,0.022755,0.21765,0.013213,0.090379,0,0,7.4581e-07,0,0
0,0.0097231,0.1079,0.0009694,0.0018744,0.0018617,0.43467,0.018537,0.010957,0.0011702,0.0024387,0.0024144,0.0081639,8.4362e-05,0,0.024546,0.33578,0.038451,0.00045478,0,0,0,0,0,0.095825,0.049264,0.04577,0.00037326,0.0011901,0.0011552,0.35111,0.017436,0.042179,0.0046395,0.011439,0.011149,0.02928,0.00062955,5.9075e-05,0.022152,0.21091,0.018544,0.086894,0,0,1.0467e-06,0,0
0,-4.8015,-4.1021,-3.6075,-3.0052,-2.4038,-1.3695,-1.1843,-0.59045,0.0011704,0.60385,1.2052,1.8124,2.4057,0,3.0315,3.9443,4.2483,4.8117,0,0,0,0,0,-5.6176,-5.0627,-4.4647,-3.9088,-3.3066,-2.7052,-1.7538,-1.4861,-0.85994,-0.29607,0.31214,0.91326,1.5328,2.1056,2.7064,3.3299,4.1201,4.5291,5.1989,0,0,5.7134,0,0
0,-9.6128,-8.3118,-7.2159,-6.0122,-4.8094,-3.1737,-2.3871,-1.1919,-2.671,-0.79891,1.0719,2.9486,4.8114,0,6.7065,8.8889,10.462,12.295,0,0,0,0,0,-11.331,-10.175,-8.9753,-7.8179,-6.6143,-5.4115,-3.8588,-2.9896,-1.7621,-0.59677,-2.3934,-0.52282,1.3662,3.2084,5.0787,6.9717,9.0313,10.71,12.649,0,0,14.433,0,0
0,-14.424,-12.521,-10.824,-9.0193,-7.215,-4.9779,-3.5899,-1.7933,-5.3433,-2.2017,0.93865,4.0847,7.217,0,10.381,13.833,16.676,19.779,0,0,0,0,0,-17.044,-15.287,-13.486,-11.727,-9.9221,-8.1179,-5.9637,-4.4931,-2.6642,-0.89747,-5.0989,-1.9589,1.1996,4.3113,7.451,10.613,13.943,16.891,20.099,0,0,23.153,0,0
0,-19.235,-16.731,-14.433,-12.026,-9.6207,-6.7822,-4.7927,-2.3947,-8.0155,-3.6044,0.80536,5.2209,9.6226,0,14.056,18.778,22.89,27.262,0,0,0,0,0,-22.758,-20.399,-17.997,-15.636,-13.23,-10.824,-8.0686,-5.9967,-3.5663,-1.1982,-7.8045,-3.395,1.033,5.4141,9.8233,14.255,18.854,23.071,27.55,0,0,31.872,0,0
0,-24.047,-20.94,-18.041,-15.033,-12.026,-8.5864,-5.9955,-2.9961,-10.688,-5.0072,2.5805,7.6294,12.664,0,17.731,23.086,27.832,32.837,0,0,0,0,0,-28.471,-25.511,-22.508,-19.545,-16.538,-13.531,-10.174,-7.5002,-4.4684,-1.4989,-10.51,-4.8311,3.0929,8.1073,13.15,18.215,23.447,28.298,33.409,0,0,38.366,0,0
0,-28.858,-25.15,-21.65,-18.04,-14.432,-10.391,-7.1984,-3.5975,-13.36,-6.4099,2.4598,8.774,15.074,0,21.406,28.027,34.038,40.308,0,0,0,0,0,-34.184,-30.623,-27.019,-23.455,-19.845,-16.237,-12.278,-9.0037,-5.3705,-1.7996,-13.216,-6.2671,2.941,9.2207,15.528,21.859,28.356,34.472,40.849,0,0,47.071,0,0
0,-33.669,-29.357,-25.258,-21.047,-16.838,-12.195,-8.4012,-4.1989,-16.032,-7.8127,2.3392,9.9186,17.484,0,25.079,32.967,40.243,47.779,0,0,0,0,0,-39.898,-35.735,-31.529,-27.364,-23.153,-18.943,-14.383,-10.507,-6.2726,-2.1003,-15.921,-7.7032,2.7891,10.334,17.907,25.503,33.265,40.647,48.289,0,0,55.775,0,0
0,-38.48,-33.564,-28.867,-24.054,-19.243,-13.999,-9.604,-4.8003,-18.704,-9.2154,2.2185,11.063,19.894,0,28.751,37.907,46.449,55.249,0,0,0,0,0,-45.611,-40.847,-36.039,-31.273,-26.461,-21.65,-16.488,-12.011,-7.1747,-2.401,-18.627,-9.1393,2.6372,11.447,20.286,29.147,38.174,46.821,55.728,0,0,64.48,0,0
0,-43.292,-37.771,-32.475,-27.062,-21.649,-15.803,-10.807,-5.4017,-21.377,-10.618,4.0082,13.481,22.941,0,32.424,42.211,51.38,60.81,0,0,0,0,0,-51.325,-45.959,-40.548,-35.182,-29.769,-24.356,-18.593,-13.514,-8.0768,-2.7017,-21.332,-10.575,4.7141,14.153,23.62,33.109,42.765,52.04,61.576,0,0,70.956,0,0
0,-48.103,-41.978,-36.084,-30.069,-24.054,-17.608,-12.01,-6.0031,-24.049,-12.021,3.944,14.664,25.369,0,36.096,47.132,57.548,68.224,0,0,0,0,0,-57.038,-51.07,-45.058,-39.091,-33.076,-27.062,-20.698,-15.018,-8.979,-3.0024,-24.038,-12.011,4.628,15.313,26.026,36.762,47.664,58.186,68.968,0,0,79.595,0,0
0,-52.914,-46.184,-39.692,-33.076,-26.46,-19.412,-13.212,-6.6045,-26.721,-13.424,3.8797,15.846,27.798,0,39.769,52.053,63.716,75.638,0,0,0,0,0,-62.751,-56.182,-49.568,-43,-36.384,-29.769,-22.803,-16.521,-9.8811,-3.3031,-26.743,-13.448,4.5419,16.474,28.433,40.416,52.564,64.332,76.36,0,0,88.234,0,0
0,-57.726,-50.391,-43.3,-36.083,-28.866,-21.216,-14.415,-7.2059,-29.393,-14.826,3.8154,17.028,30.227,0,43.441,56.975,69.884,83.053,0,0,0,0,0,-68.465,-61.294,-54.077,-46.91,-39.692,-32.475,-24.908,-18.025,-10.783,-3.6038,-29.449,-14.884,4.4558,17.634,30.84,44.069,57.464,70.478,83.753,0,0,96.872,0,0
0,-62.537,-54.597,-46.909,-39.09,-31.271,-23.02,-15.618,-7.8074,-32.065,-16.229,5.593,19.438,33.269,0,47.113,61.282,74.824,88.625,0,0,0,0,0,-74.178,-66.406,-58.586,-50.819,-43,-35.181,-27.013,-19.528,-11.685,-3.9045,-32.154,-16.32,6.5186,20.329,34.168,48.029,62.056,75.703,89.61,0,0,103.36,0,0
0,-67.348,-58.803,-50.517,-42.097,-33.677,-24.824,-16.821,-8.4088,-34.738,-17.632,5.5357,20.625,35.7,0,50.785,66.201,80.987,96.032,0,0,0,0,0,-79.892,-71.518,-63.095,-54.728,-46.307,-37.888,-29.118,-21.032,-12.587,-4.2052,-34.86,-17.756,6.4407,21.495,36.578,51.684,66.954,81.845,96.996,0,0,111.99,0,0
0,-72.159,-63.011,-54.126,-45.104,-36.083,-26.629,-18.024,-9.0102,-37.41,-19.035,5.4785,21.812,38.131,0,54.458,71.121,87.15,103.44,0,0,0,0,0,-85.605,-76.63,-67.605,-58.637,-49.615,-40.594,-31.223,-22.535,-13.49,-4.5059,-37.565,-19.192,6.3627,22.662,38.988,55.338,71.853,87.987,104.38,0,0,120.62,0,0
0,-76.971,-67.219,-57.734,-48.111,-38.488,-28.433,-19.227,-9.6116,-40.082,-20.437,5.4212,22.999,40.562,0,58.132,76.04,93.314,110.85,0,0,0,0,0,-91.318,-81.742,-72.114,-62.546,-52.923,-43.3,-33.328,-24.039,-14.392,-4.8066,-40.271,-20.628,6.2848,23.828,41.399,58.992,76.751,94.13,111.77,0,0,129.25,0,0
0,-81.782,-71.427,-61.343,-51.118,-40.894,-30.237,-20.429,-10.213,-42.754,-21.84,7.2246,25.426,43.613,0,61.805,80.339,98.236,116.39,0,0,0,0,0,-97.032,-86.854,-76.622,-66.455,-56.231,-46.007,-35.433,-25.542,-15.294,-5.1073,-42.977,-22.064,8.3777,26.545,44.739,62.956,81.339,99.342,117.61,0,0,135.71,0,0
0,-86.593,-75.634,-64.951,-54.125,-43.3,-32.041,-21.632,-10.814,-45.427,-23.243,7.3122,26.709,46.093,0,65.478,85.21,104.3,123.66,0,0,0,0,0,-102.75,-91.966,-81.131,-70.364,-59.538,-48.713,-37.538,-27.046,-16.196,-5.408,-45.682,-23.5,8.4688,27.831,47.222,66.633,86.214,105.41,124.87,0,0,144.18,0,0
0,-91.404,-79.842,-68.56,-57.132,-45.705,-33.846,-22.835,-11.416,-48.099,-24.646,7.3999,27.993,48.572,0,69.151,90.08,110.37,130.92,0,0,0,0,0,-108.46,-97.078,-85.639,-74.274,-62.846,-51.419,-39.643,-28.549,-17.098,-5.7087,-48.388,-24.936,8.5599,29.118,49.705,70.309,91.088,111.48,132.14,0,0,152.64,0,0
0,-96.216,-84.049,-72.168,-60.139,-48.111,-35.65,-24.038,-12.017,-50.771,-26.049,7.4875,29.276,51.051,0,72.824,94.951,116.44,138.18,0,0,0,0,0,-114.17,-102.19,-90.147,-78.183,-66.154,-54.126,-41.748,-30.053,-18,-6.0094,-51.093,-26.372,8.651,30.405,52.188,73.986,95.962,117.55,139.4,0,0,161.1,0,0
0,-101.03,-88.256,-75.777,-63.146,-50.516,-37.454,-25.241,-12.619,-53.443,-27.451,9.3003,31.71,54.105,0,76.496,99.247,121.35,143.72,0,0,0,0,0,-119.89,-107.3,-94.655,-82.092,-69.462,-56.832,-43.852,-31.557,-18.902,-6.3102,-53.799,-27.808,10.755,33.13,55.533,77.949,100.55,122.76,145.23,0,0,167.55,0,0
0,-105.84,-92.463,-79.385,-66.153,-52.922,-39.258,-26.443,-13.22,-56.115,-28.854,9.2839,32.924,56.55,0,80.169,104.15,127.49,151.08,0,0,0,0,0,-125.6,-112.41,-99.162,-86.001,-72.769,-59.538,-45.957,-33.06,-19.804,-6.6109,-56.504,-29.244,10.725,34.33,57.964,81.608,105.44,128.88,152.58,0,0,176.13,0,0
0,-110.65,-96.67,-82.993,-69.16,-55.328,-41.062,-27.646,-13.821,-58.788,-30.257,9.2675,34.138,58.995,0,83.842,109.06,133.62,158.45,0,0,0,0,0,-131.31,-117.53,-103.67,-89.91,-76.077,-62.245,-48.062,-34.564,-20.706,-6.9116,-59.21,-30.68,10.694,35.53,60.395,85.267,110.33,135,159.94,0,0,184.71,0,0
0,-115.46,-100.88,-86.602,-72.167,-57.733,-42.867,-28.849,-14.423,-61.46,-31.66,9.2511,35.352,61.439,0,87.515,113.96,139.76,165.82,0,0,0,0,0,-137.03,-122.64,-108.18,-93.819,-79.385,-64.951,-50.167,-36.067,-21.609,-7.2123,-61.915,-32.117,10.664,36.731,62.825,88.925,115.22,141.13,167.29,0,0,193.3,0,0
0,-120.27,-105.08,-90.21,-75.174,-60.139,-44.671,-30.052,-15.024,-64.132,-33.062,11.014,37.752,64.477,0,91.187,118.28,144.71,171.4,0,0,0,0,0,-142.74,-127.75,-112.68,-97.729,-82.693,-67.657,-52.272,-37.571,-22.511,-7.513,-64.621,-33.553,12.71,39.414,66.146,92.88,119.82,146.36,173.16,0,0,199.8,0,0
0,-125.08,-109.29,-93.819,-78.181,-62.545,-46.475,-31.255,-15.626,-66.804,-34.465,10.957,38.939,66.908,0,94.86,123.19,150.87,178.81,0,0,0,0,0,-148.45,-132.86,-117.19,-101.64,-86,-70.364,-54.377,-39.074,-23.413,-7.8137,-67.326,-34.989,12.632,40.58,68.556,96.531,124.72,152.5,180.55,0,0,208.44,0,0
0,-129.89,-113.5,-97.427,-81.188,-64.95,-48.279,-32.458,-16.227,-69.477,-35.868,10.899,40.126,69.339,0,98.531,128.11,157.04,186.22,0,0,0,0,0,-154.17,-137.97,-121.7,-105.55,-89.308,-73.07,-56.482,-40.578,-24.315,-8.1144,-70.032,-36.425,12.554,41.746,70.966,100.18,129.62,158.64,187.93,0,0,217.07,0,0
0,-134.71,-117.7,-101.04,-84.195,-67.356,-50.084,-33.66,-16.828,-72.149,-37.271,10.842,41.313,71.77,0,102.2,133.03,163.2,193.63,0,0,0,0,0,-159.88,-143.09,-126.2,-109.46,-92.616,-75.776,-58.587,-42.081,-25.217,-8.4151,-72.738,-37.861,12.476,42.912,73.377,103.83,134.51,164.79,195.32,0,0,225.7,0,0
0,-139.52,-121.91,-104.64,-87.202,-69.762,-51.888,-34.863,-17.43,-74.821,-38.673,12.48,43.63,74.766,0,105.87,137.39,168.23,199.34,0,0,0,0,0,-165.59,-148.2,-130.71,-113.37,-95.924,-78.483,-60.692,-43.585,-26.119,-8.7158,-75.443,-39.297,14.376,45.491,76.635,107.77,139.13,170.08,201.29,0,0,232.35,0,0
0,-144.33,-126.11,-108.25,-90.209,-72.167,-53.692,-36.066,-18.031,-77.493,-40.076,12.465,44.845,77.211,0,109.54,142.29,174.37,206.7,0,0,0,0,0,-171.31,-153.31,-135.21,-117.27,-99.231,-81.189,-62.797,-45.088,-27.021,-9.0165,-78.149,-40.733,14.348,46.693,79.066,111.42,144.02,176.2,208.64,0,0,240.93,0,0
0,-149.14,-130.32,-111.86,-93.217,-74.573,-55.496,-37.269,-18.633,-80.165,-41.479,12.451,46.061,79.656,0,113.22,147.2,180.5,214.07,0,0,0,0,0,-177.02,-158.42,-139.72,-121.18,-102.54,-83.895,-64.902,-46.592,-27.923,-9.3172,-80.854,-42.169,14.32,47.895,81.498,115.08,148.91,182.32,215.99,0,0,249.51,0,0
0,-153.95,-134.52,-115.47,-96.224,-76.978,-57.3,-38.472,-19.234,-82.838,-42.882,12.437,47.276,82.102,0,116.89,152.1,186.64,221.43,0,0,0,0,0,-182.73,-163.53,-144.22,-125.09,-105.85,-86.602,-67.007,-48.095,-28.825,-9.6179,-83.56,-43.605,14.292,49.097,83.93,118.74,153.8,188.44,223.35,0,0,258.09,0,0
0,-158.76,-138.73,-119.08,-99.231,-79.384,-59.105,-39.674,-19.836,-85.51,-44.284,14.056,49.581,85.092,0,120.56,156.46,191.68,227.16,0,0,0,0,0,-188.45,-168.65,-148.73,-129,-109.15,-89.308,-69.112,-49.599,-29.728,-9.9186,-86.265,-45.041,16.17,51.66,87.179,122.67,158.42,193.75,229.33,0,0,264.77,0,0
0,-163.57,-142.93,-122.69,-102.24,-81.79,-60.909,-40.877,-20.437,-88.182,-45.687,14.107,50.84,87.558,0,124.23,161.34,197.77,234.46,0,0,0,0,0,-194.16,-173.76,-153.23,-132.91,-112.46,-92.014,-71.217,-51.102,-30.63,-10.219,-88.971,-46.477,16.218,52.916,89.643,126.33,163.3,199.84,236.63,0,0,273.27,0,0
0,-168.38,-147.13,-126.29,-105.24,-84.195,-62.713,-42.08,-21.038,-90.854,-47.09,14.157,52.098,90.025,0,127.89,166.23,203.86,241.76,0,0,0,0,0,-199.87,-178.87,-157.74,-136.82,-115.77,-94.721,-73.322,-52.606,-31.532,-10.52,-91.676,-47.913,16.266,54.173,92.107,130,168.18,205.93,243.93,0,0,281.78,0,0
0,-173.2,-151.34,-129.9,-108.25,-86.601,-64.517,-43.283,-21.64,-93.527,-48.493,14.208,53.357,92.492,0,131.56,171.11,209.96,249.06,0,0,0,0,0,-205.59,-183.98,-162.25,-140.73,-119.08,-97.427,-75.426,-54.109,-32.434,-10.821,-94.382,-49.349,16.314,55.429,94.571,133.67,173.06,212.01,251.23,0,0,290.28,0,0
0,-178.01,-155.54,-133.51,-111.26,-89.007,-66.322,-44.486,-22.241,-96.199,-49.895,15.754,55.613,95.458,0,135.23,175.5,215.05,254.86,0,0,0,0,0,-211.3,-189.09,-166.75,-144.64,-122.39,-100.13,-77.531,-55.613,-33.336,-11.121,-97.087,-50.786,18.106,57.931,97.783,137.59,177.7,217.36,257.28,0,0,297.04,0,0
0,-182.82,-159.74,-137.12,-114.27,-91.412,-68.126,-45.689,-22.843,-98.871,-51.298,15.83,56.889,97.933,0,138.9,180.37,221.12,262.14,0,0,0,0,0,-217.01,-194.21,-171.26,-148.55,-125.69,-102.84,-79.636,-57.116,-34.238,-11.422,-99.793,-52.222,18.184,59.208,100.26,141.26,182.57,223.43,264.55,0,0,305.52,0,0
0,-187.63,-163.94,-140.73,-117.27,-93.818,-69.93,-46.891,-23.444,-101.54,-52.701,15.907,58.165,100.41,0,142.57,185.24,227.2,269.41,0,0,0,0,0,-222.73,-199.32,-175.77,-152.46,-129,-105.55,-81.741,-58.62,-35.14,-11.723,-102.5,-53.658,18.262,60.486,102.74,144.94,187.45,229.51,271.83,0,0,313.99,0,0
0,-192.44,-168.14,-144.34,-120.28,-96.224,-71.734,-48.094,-24.045,-104.22,-54.104,15.983,59.441,102.88,0,146.24,190.12,233.27,276.68,0,0,0,0,0,-228.44,-204.43,-180.27,-156.37,-132.31,-108.25,-83.846,-60.123,-36.042,-12.024,-105.2,-55.094,18.34,61.763,105.21,148.61,192.32,235.58,279.1,0,0,322.47,0,0
0,-197.25,-172.34,-147.95,-123.29,-98.629,-73.539,-49.297,-24.647,-106.89,-55.506,17.525,61.693,105.85,0,149.9,194.5,238.37,282.49,0,0,0,0,0,-234.15,-209.54,-184.78,-160.28,-135.62,-110.96,-85.951,-61.627,-36.944,-12.324,-107.91,-56.53,20.128,64.262,108.42,152.53,196.96,240.93,285.16,0,0,329.23,0,0
0,-202.06,-176.54,-151.55,-126.29,-101.03,-75.343,-50.5,-25.248,-109.56,-56.909,17.592,62.963,108.32,0,153.57,199.38,244.45,289.77,0,0,0,0,0,-239.87,-214.65,-189.29,-164.18,-138.92,-113.67,-88.056,-63.13,-37.847,-12.625,-110.62,-57.966,20.195,65.532,110.9,156.2,201.83,247.01,292.44,0,0,337.72,0,0
0,-206.87,-180.74,-155.16,-129.3,-103.44,-77.147,-51.703,-25.85,-112.23,-58.312,17.66,64.233,110.79,0,157.24,204.26,250.53,297.06,0,0,0,0,0,-245.58,-219.77,-193.79,-168.09,-142.23,-116.37,-90.161,-64.634,-38.749,-12.926,-113.32,-59.402,20.263,66.802,113.37,159.87,206.71,253.09,299.72,0,0,346.2,0,0
0,-211.69,-184.94,-158.77,-132.31,-105.85,-78.951,-52.905,-26.451,-114.9,-59.715,17.727,65.503,113.27,0,160.9,209.14,256.61,304.34,0,0,0,0,0,-251.29,-224.88,-198.3,-172,-145.54,-119.08,-92.266,-66.138,-39.651,-13.226,-116.03,-60.838,20.331,68.073,115.84,163.54,211.59,259.17,307,0,0,354.69,0,0
0,-216.5,-189.14,-162.38,-135.32,-108.25,-80.755,-54.108,-27.052,-117.58,-61.117,19.312,67.785,116.24,0,164.57,213.51,261.68,310.1,0,0,0,0,0,-257.01,-229.99,-202.8,-175.91,-148.85,-121.78,-94.371,-67.641,-40.553,-13.527,-118.73,-62.274,22.169,70.607,119.07,167.47,216.21,264.49,313.02,0,0,361.4,0,0
0,-221.31,-193.34,-165.99,-138.32,-110.66,-82.56,-55.311,-27.654,-120.25,-62.52,19.42,69.082,118.73,0,168.23,218.37,267.73,317.35,0,0,0,0,0,-262.72,-235.1,-207.31,-179.82,-152.16,-124.49,-96.476,-69.145,-41.455,-13.828,-121.44,-63.71,22.283,71.911,121.57,171.14,221.08,270.55,320.27,0,0,369.84,0,0
0,-226.12,-197.54,-169.6,-141.33,-113.06,-84.364,-56.514,-28.255,-122.92,-63.923,19.528,70.379,121.22,0,171.9,223.24,273.78,324.59,0,0,0,0,0,-268.43,-240.21,-211.81,-183.73,-155.46,-127.2,-98.581,-70.648,-42.357,-14.128,-124.14,-65.146,22.398,73.215,124.06,174.82,225.96,276.61,327.52,0,0,378.28,0,0
0,-230.93,-201.74,-173.2,-144.34,-115.47,-86.168,-57.717,-28.857,-125.59,-65.326,19.636,71.676,123.7,0,175.56,228.1,279.83,331.83,0,0,0,0,0,-274.15,-245.33,-216.32,-187.64,-158.77,-129.9,-100.69,-72.152,-43.259,-14.429,-126.85,-66.582,22.513,74.519,126.55,178.5,230.83,282.67,334.77,0,0,386.71,0,0
0,-235.74,-205.93,-176.81,-147.34,-117.87,-87.972,-58.92,-29.458,-128.27,-66.728,21.117,73.888,126.65,0,179.23,232.5,284.97,337.7,0,0,0,0,0,-279.86,-250.44,-220.82,-191.55,-162.08,-132.61,-102.79,-73.655,-44.161,-14.73,-129.55,-68.019,24.23,76.967,129.73,182.4,235.47,288.04,340.87,0,0,393.55,0,0
0,-240.55,-210.13,-180.42,-150.35,-120.28,-89.777,-60.122,-30.059,-130.94,-68.131,21.139,75.128,129.1,0,182.89,237.4,291.08,345.02,0,0,0,0,0,-285.57,-255.55,-225.33,-195.46,-165.39,-135.32,-104.9,-75.159,-45.063,-15.031,-132.26,-69.455,24.245,78.2,132.18,186.07,240.35,294.14,348.19,0,0,402.09,0,0
0,-245.37,-214.33,-184.03,-153.36,-122.69,-91.581,-61.325,-30.661,-133.61,-69.534,21.162,76.368,131.56,0,186.56,242.29,297.19,352.35,0,0,0,0,0,-291.29,-260.66,-229.83,-199.37,-168.69,-138.02,-107,-76.662,-45.966,-15.331,-134.96,-70.891,24.26,79.432,134.63,189.73,245.24,300.25,355.51,0,0,410.63,0,0
0,-250.18,-218.53,-187.64,-156.36,-125.09,-93.385,-62.528,-31.262,-136.28,-70.937,21.184,77.608,134.02,0,190.22,247.18,303.3,359.68,0,0,0,0,0,-297,-265.77,-234.34,-203.28,-172,-140.73,-109.11,-78.166,-46.868,-15.632,-137.67,-72.327,24.275,80.665,137.08,193.39,250.12,306.35,362.83,0,0,419.16,0,0
0,-254.99,-222.73,-191.25,-159.37,-127.5,-95.189,-63.731,-31.864,-138.95,-72.339,22.778,79.896,137,0,193.89,251.55,308.36,365.43,0,0,0,0,0,-302.71,-270.89,-238.84,-207.18,-175.31,-143.43,-111.21,-79.669,-47.77,-15.933,-140.38,-73.763,26.123,83.207,140.32,197.32,254.75,311.67,368.84,0,0,425.87,0,0
0,-259.8,-226.92,-194.86,-162.38,-129.9,-96.993,-64.934,-32.465,-141.63,-73.742,22.737,81.094,139.44,0,197.55,256.46,314.51,372.82,0,0,0,0,0,-308.43,-276,-243.34,-211.09,-178.62,-146.14,-113.32,-81.173,-48.672,-16.233,-143.08,-75.199,26.064,84.387,142.74,200.97,259.64,317.8,376.22,0,0,434.48,0,0
0,-264.61,-231.12,-198.46,-165.39,-132.31,-98.798,-66.136,-33.067,-144.3,-75.145,22.696,82.291,141.87,0,201.22,261.38,320.67,380.22,0,0,0,0,0,-314.14,-281.11,-247.85,-215,-181.93,-148.85,-115.42,-82.676,-49.574,-16.534,-145.79,-76.635,26.006,85.567,145.16,204.62,264.54,323.93,383.59,0,0,443.09,0,0
0,-269.42,-235.32,-202.07,-168.39,-134.71,-100.6,-67.339,-33.668,-146.97,-76.548,22.655,83.489,144.31,0,204.88,266.29,326.82,387.61,0,0,0,0,0,-319.85,-286.22,-252.35,-218.91,-185.23,-151.55,-117.53,-84.18,-50.476,-16.835,-148.49,-78.071,25.947,86.747,147.57,208.27,269.43,330.07,390.96,0,0,451.7,0,0
0,-274.23,-239.52,-205.68,-171.4,-137.12,-102.41,-68.542,-34.269,-149.64,-77.95,24.249,85.777,147.29,0,208.55,270.66,331.88,393.36,0,0,0,0,0,-325.57,-291.33,-256.85,-222.82,-188.54,-154.26,-119.63,-85.683,-51.378,-17.136,-151.2,-79.507,27.796,89.289,150.81,212.19,274.06,335.38,396.97,0,0,458.41,0,0
0,-279.04,-243.72,-209.29,-174.41,-139.53,-104.21,-69.745,-34.871,-152.32,-79.353,24.181,86.957,149.72,0,212.21,275.58,338.05,400.78,0,0,0,0,0,-331.28,-296.45,-261.35,-226.73,-191.85,-156.97,-121.73,-87.187,-52.28,-17.436,-153.9,-80.943,27.705,90.446,153.22,215.83,278.96,341.53,404.37,0,0,467.05,0,0
0,-283.86,-247.92,-212.9,-177.41,-141.93,-106.01,-70.948,-35.472,-154.99,-80.756,24.113,88.136,152.15,0,215.88,280.5,344.22,408.2,0,0,0,0,0,-336.99,-301.56,-265.84,-230.64,-195.16,-159.67,-123.84,-88.69,-53.183,-17.737,-156.61,-82.379,27.614,91.603,155.62,219.48,283.86,347.68,411.76,0,0,475.69,0,0
0,-288.67,-252.12,-216.51,-180.42,-144.34,-107.82,-72.151,-36.074,-157.66,-82.159,24.045,89.316,154.57,0,219.54,285.43,350.39,415.61,0,0,0,0,0,-342.71,-306.67,-270.34,-234.55,-198.46,-162.38,-125.94,-90.194,-54.085,-18.038,-159.31,-83.815,27.524,92.76,158.02,223.12,288.76,353.83,419.16,0,0,484.33,0,0
0,-293.48,-256.32,-220.11,-183.43,-146.74,-109.62,-73.353,-36.675,-160.33,-83.561,25.746,91.675,157.59,0,223.21,289.76,355.38,421.26,0,0,0,0,0,-348.42,-311.78,-274.84,-238.46,-201.77,-165.09,-128.05,-91.697,-54.987,-18.338,-162.02,-85.251,29.498,95.392,161.31,227.06,293.36,359.09,425.08,0,0,490.91,0,0
0,-298.29,-260.51,-223.72,-186.43,-149.15,-111.43,-74.556,-37.276,-163,-84.964,25.696,92.866,160.02,0,226.87,294.67,361.54,428.66,0,0,0,0,0,-354.13,-316.89,-279.34,-242.37,-205.08,-167.79,-130.15,-93.201,-55.889,-18.639,-164.73,-86.688,29.428,96.564,163.73,230.7,298.26,365.23,432.46,0,0,499.54,0,0
0,-303.1,-264.71,-227.33,-189.44,-151.55,-113.23,-75.759,-37.878,-165.68,-86.367,25.645,94.058,162.46,0,230.54,299.59,367.7,436.06,0,0,0,0,0,-359.85,-322.01,-283.84,-246.28,-208.39,-170.5,-132.26,-94.704,-56.791,-18.94,-167.43,-88.124,29.357,97.736,166.14,234.35,303.16,371.37,439.84,0,0,508.16,0,0
0,-307.91,-268.91,-230.94,-192.45,-153.96,-115.04,-76.962,-38.479,-168.35,-87.77,25.595,95.249,164.89,0,234.2,304.51,373.86,443.46,0,0,0,0,0,-365.56,-327.12,-288.34,-250.19,-211.69,-173.2,-134.36,-96.208,-57.693,-19.24,-170.14,-89.56,29.287,98.907,168.56,238,308.05,377.51,447.22,0,0,516.78,0,0
0,-312.72,-273.1,-234.55,-195.46,-156.36,-116.84,-78.165,-39.081,-171.02,-89.173,27.341,97.638,167.92,0,237.87,308.83,378.82,449.07,0,0,0,0,0,-371.27,-332.23,-292.84,-254.09,-215,-175.91,-136.47,-97.712,-58.595,-19.541,-172.84,-90.996,31.313,101.58,171.87,241.94,312.65,382.75,453.1,0,0,523.31,0,0
0,-317.53,-277.3,-238.16,-198.46,-158.77,-118.64,-79.367,-39.682,-173.69,-90.575,27.362,98.877,170.38,0,241.53,313.72,384.93,456.4,0,0,0,0,0,-376.99,-337.34,-297.34,-258,-218.31,-178.62,-138.57,-99.215,-59.497,-19.842,-175.55,-92.432,31.327,102.81,174.32,245.6,317.54,388.85,460.43,0,0,531.85,0,0
0,-322.35,-281.5,-241.77,-201.47,-161.18,-120.45,-80.57,-40.283,-176.37,-91.978,27.383,100.12,172.84,0,245.19,318.61,391.04,463.72,0,0,0,0,0,-382.7,-342.45,-301.84,-261.91,-221.62,-181.32,-140.68,-100.72,-60.399,-20.143,-178.25,-93.868,31.341,104.04,176.77,249.26,322.42,394.95,467.75,0,0,540.38,0,0
0,-327.16,-285.69,-245.37,-204.48,-163.58,-122.25,-81.773,-40.885,-179.04,-93.381,27.405,101.36,175.29,0,248.86,323.5,397.15,471.05,0,0,0,0,0,-388.41,-347.57,-306.33,-265.82,-224.93,-184.03,-142.78,-102.22,-61.302,-20.443,-180.96,-95.304,31.355,105.27,179.22,252.91,327.31,401.06,475.07,0,0,548.92,0,0
0,-331.97,-289.89,-248.98,-207.48,-165.99,-124.06,-82.976,-41.486,-181.71,-94.784,29.092,103.71,178.31,0,252.52,327.84,402.15,476.71,0,0,0,0,0,-394.13,-352.68,-310.83,-269.73,-228.23,-186.74,-144.89,-103.73,-62.204,-20.744,-183.66,-96.74,33.312,107.89,182.5,256.85,331.91,406.33,481,0,0,555.52,0,0
0,-336.78,-294.08,-252.59,-210.49,-168.39,-125.86,-84.179,-42.088,-184.38,-96.186,29.105,104.94,180.76,0,256.18,332.74,408.26,484.05,0,0,0,0,0,-399.84,-357.79,-315.33,-273.64,-231.54,-189.44,-146.99,-105.23,-63.106,-21.045,-186.37,-98.176,33.316,109.12,184.94,260.5,336.8,412.43,488.33,0,0,564.07,0,0
0,-341.59,-298.28,-256.2,-213.5,-170.8,-127.67,-85.382,-42.689,-187.05,-97.589,29.118,106.17,183.21,0,259.84,337.63,414.38,491.39,0,0,0,0,0,-405.55,-362.9,-319.83,-277.55,-234.85,-192.15,-149.1,-106.73,-64.008,-21.345,-189.08,-99.612,33.32,110.34,187.39,264.16,341.69,418.54,495.65,0,0,572.61,0,0
0,-346.4,-302.47,-259.81,-216.51,-173.2,-129.47,-86.584,-43.29,-189.73,-98.992,29.131,107.41,185.67,0,263.5,342.53,420.49,498.72,0,0,0,0,0,-411.27,-368.01,-324.32,-281.46,-238.16,-194.86,-151.2,-108.24,-64.91,-21.646,-191.78,-101.05,33.324,111.57,189.84,267.81,346.57,424.65,502.98,0,0,581.16,0,0
0,-351.21,-306.67,-263.42,-219.51,-175.61,-131.27,-87.787,-43.892,-192.4,-100.39,30.865,109.79,188.7,0,267.17,346.85,425.46,504.34,0,0,0,0,0,-416.98,-373.12,-328.82,-285.37,-241.46,-197.56,-153.31,-109.74,-65.812,-21.947,-194.49,-102.48,35.336,114.22,193.14,271.75,351.17,429.89,508.88,0,0,587.7,0,0
0,-356.02,-310.86,-267.02,-222.52,-178.02,-133.08,-88.99,-44.493,-195.07,-101.8,30.912,111.04,191.16,0,270.83,351.73,431.56,511.64,0,0,0,0,0,-422.69,-378.24,-333.32,-289.28,-244.77,-200.27,-155.41,-111.24,-66.714,-22.247,-197.19,-103.92,35.38,115.48,195.6,275.41,356.05,435.98,516.18,0,0,596.21,0,0
0,-360.84,-315.05,-270.63,-225.53,-180.42,-134.88,-90.193,-45.095,-197.74,-103.2,30.958,112.3,193.63,0,274.48,356.62,437.65,518.94,0,0,0,0,0,-428.41,-383.35,-337.81,-293.19,-248.08,-202.97,-157.52,-112.75,-67.616,-22.548,-199.9,-105.36,35.423,116.73,198.07,279.07,360.93,442.07,523.47,0,0,604.72,0,0
0,-365.65,-319.23,-274.24,-228.53,-182.83,-136.69,-91.396,-45.696,-200.42,-104.6,31.005,113.56,196.09,0,278.13,361.5,443.74,526.25,0,0,0,0,0,-434.12,-388.46,-342.31,-297.1,-251.39,-205.68,-159.62,-114.25,-68.518,-22.849,-202.6,-106.79,35.466,117.98,200.53,282.73,365.81,448.16,530.77,0,0,613.23,0,0
0,-370.46,-323.41,-277.85,-231.54,-185.23,-138.49,-92.598,-46.298,-203.09,-106.01,32.821,115.99,199.15,0,281.78,365.79,448.66,531.78,0,0,0,0,0,-439.83,-393.57,-346.8,-301,-254.7,-208.39,-161.73,-115.75,-69.421,-23.15,-205.31,-108.23,37.574,120.71,203.88,286.68,370.4,453.37,536.6,0,0,619.67,0,0
0,-375.27,-327.59,-281.46,-234.55,-187.64,-140.29,-93.801,-46.899,-205.76,-107.41,32.83,117.22,201.6,0,285.43,370.69,454.77,539.12,0,0,0,0,0,-445.55,-398.68,-351.29,-304.91,-258,-211.09,-163.83,-117.26,-70.323,-23.45,-208.01,-109.66,37.573,121.93,206.32,290.34,375.29,459.48,543.93,0,0,628.23,0,0
0,-380.08,-331.78,-285.07,-237.55,-190.04,-142.1,-95.004,-47.5,-208.43,-108.81,32.838,118.45,204.06,0,289.09,375.59,460.89,546.46,0,0,0,0,0,-451.26,-403.8,-355.79,-308.82,-261.31,-213.8,-165.94,-118.76,-71.225,-23.751,-210.72,-111.1,37.572,123.15,208.76,293.99,380.17,465.59,551.26,0,0,636.78,0,0
0,-384.89,-335.96,-288.68,-240.56,-192.45,-143.9,-96.207,-48.102,-211.1,-110.21,32.847,119.68,206.51,0,292.74,380.48,467.01,553.8,0,0,0,0,0,-456.97,-408.91,-360.28,-312.73,-264.62,-216.51,-168.04,-120.26,-72.127,-24.052,-213.43,-112.54,37.571,124.37,211.21,297.64,385.06,471.7,558.59,0,0,645.33,0,0
0,-389.7,-340.15,-292.28,-243.57,-194.85,-145.71,-97.41,-48.703,-213.78,-111.62,34.632,122.1,209.55,0,296.39,384.79,471.94,559.36,0,0,0,0,0,-462.69,-414.02,-364.78,-316.64,-267.93,-219.21,-170.15,-121.77,-73.029,-24.352,-216.13,-113.97,39.643,127.08,214.54,301.59,389.65,476.92,564.44,0,0,651.81,0,0
0,-394.51,-344.33,-295.89,-246.58,-197.26,-147.51,-98.613,-49.305,-216.45,-113.02,34.641,123.33,212.01,0,300.05,389.68,478.06,566.7,0,0,0,0,0,-468.4,-419.13,-369.27,-320.55,-271.23,-221.92,-172.25,-123.27,-73.931,-24.653,-218.84,-115.41,39.641,128.3,216.98,305.24,394.54,483.03,571.77,0,0,660.37,0,0
0,-399.33,-348.51,-299.5,-249.58,-199.67,-149.32,-99.815,-49.906,-219.12,-114.42,34.649,124.56,214.46,0,303.69,394.58,484.18,574.04,0,0,0,0,0,-474.12,-424.24,-373.76,-324.46,-274.54,-224.63,-174.36,-124.77,-74.833,-24.954,-221.54,-116.85,39.64,129.52,219.42,308.89,399.43,489.14,579.11,0,0,668.92,0,0
0,-404.14,-352.69,-303.11,-252.59,-202.07,-151.12,-101.02,-50.507,-221.79,-115.82,34.658,125.79,216.91,0,307.34,399.48,490.3,581.38,0,0,0,0,0,-479.83,-429.36,-378.25,-328.37,-277.85,-227.33,-176.46,-126.28,-75.735,-25.255,-224.25,-118.28,39.639,130.74,221.87,312.54,404.31,495.24,586.44,0,0,677.47,0,0
0,-408.95,-356.87,-306.72,-255.6,-204.48,-152.92,-102.22,-51.109,-224.47,-117.23,36.507,128.25,219.98,0,310.99,403.76,495.19,586.88,0,0,0,0,0,-485.54,-434.47,-382.74,-332.28,-281.16,-230.04,-178.57,-127.78,-76.637,-25.555,-226.95,-119.72,41.785,133.49,225.23,316.49,408.89,500.43,592.23,0,0,683.88,0,0
0,-413.76,-361.05,-310.33,-258.6,-206.88,-154.73,-103.42,-51.71,-227.14,-118.63,36.534,129.49,222.44,0,314.64,408.65,501.3,594.2,0,0,0,0,0,-491.26,-439.58,-387.23,-336.19,-284.47,-232.74,-180.67,-129.29,-77.54,-25.856,-229.66,-121.15,41.805,134.73,227.68,320.15,413.78,506.53,599.55,0,0,692.41,0,0
0,-418.57,-365.23,-313.93,-261.61,-209.29,-156.53,-104.63,-52.312,-229.81,-120.03,36.56,130.74,224.9,0,318.29,413.54,507.4,601.53,0,0,0,0,0,-496.97,-444.69,-391.73,-340.1,-287.77,-235.45,-182.78,-130.79,-78.442,-26.157,-232.36,-122.59,41.825,135.97,230.13,323.8,418.66,512.63,606.87,0,0,700.94,0,0
0,-423.38,-369.41,-317.54,-264.62,-211.69,-158.34,-105.83,-52.913,-232.48,-121.44,36.587,131.98,227.36,0,321.94,418.43,513.51,608.85,0,0,0,0,0,-502.68,-449.8,-396.22,-344.01,-291.08,-238.16,-184.88,-132.29,-79.344,-26.457,-235.07,-124.03,41.845,137.2,232.59,327.45,423.54,518.73,614.18,0,0,709.47,0,0
0,-428.19,-373.59,-321.15,-267.63,-214.1,-160.14,-107.03,-53.514,-235.15,-122.84,38.425,134.43,230.42,0,325.59,422.71,518.41,614.36,0,0,0,0,0,-508.4,-454.92,-400.71,-347.91,-294.39,-240.86,-186.99,-133.8,-80.246,-26.758,-237.78,-125.46,43.979,139.95,235.94,331.4,428.13,523.93,619.99,0,0,715.89,0,0
0,-433,-377.77,-324.76,-270.63,-216.51,-161.95,-108.24,-54.116,-237.83,-124.24,38.457,135.67,232.88,0,329.23,427.6,524.51,621.68,0,0,0,0,0,-514.11,-460.03,-405.2,-351.82,-297.7,-243.57,-189.09,-135.3,-81.148,-27.059,-240.48,-126.9,44.005,141.19,238.4,335.06,433.01,530.02,627.3,0,0,724.42,0,0
0,-437.82,-381.94,-328.37,-273.64,-218.91,-163.75,-109.44,-54.717,-240.5,-125.64,38.489,136.92,235.34,0,332.88,432.49,530.61,628.99,0,0,0,0,0,-519.82,-465.14,-409.68,-355.73,-301,-246.28,-191.2,-136.8,-82.05,-27.359,-243.19,-128.33,44.031,142.43,240.85,338.71,437.89,536.12,634.61,0,0,732.94,0,0
0,-442.63,-386.11,-331.98,-276.65,-221.32,-165.55,-110.64,-55.319,-243.17,-127.05,38.521,138.17,237.8,0,336.52,437.38,536.71,636.31,0,0,0,0,0,-525.54,-470.25,-414.17,-359.64,-304.31,-248.98,-193.3,-138.31,-82.952,-27.66,-245.89,-129.77,44.057,143.67,243.31,342.36,442.78,542.22,641.92,0,0,741.47,0,0
0,-447.44,-390.29,-335.59,-279.65,-223.72,-167.36,-111.84,-55.92,-245.84,-128.45,40.29,140.57,240.84,0,340.16,441.69,541.66,641.89,0,0,0,0,0,-531.25,-475.36,-418.66,-363.55,-307.62,-251.69,-195.41,-139.81,-83.854,-27.961,-248.6,-131.21,46.11,146.36,246.63,346.29,447.37,547.45,647.79,0,0,747.97,0,0
0,-452.25,-394.46,-339.19,-282.66,-226.13,-169.16,-113.05,-56.521,-248.52,-129.85,40.405,141.87,243.33,0,343.81,446.55,547.71,649.12,0,0,0,0,0,-536.96,-480.48,-423.14,-367.46,-310.93,-254.39,-197.51,-141.31,-84.756,-28.262,-251.3,-132.64,46.233,147.67,249.13,349.96,452.24,553.5,655.03,0,0,756.4,0,0
0,-457.06,-398.64,-342.8,-285.67,-228.53,-170.97,-114.25,-57.123,-251.19,-131.26,40.52,143.18,245.82,0,347.45,451.41,553.75,656.35,0,0,0,0,0,-542.68,-485.59,-427.63,-371.37,-314.23,-257.1,-199.62,-142.82,-85.659,-28.562,-254.01,-134.08,46.356,148.98,251.63,353.62,457.11,559.56,662.27,0,0,764.83,0,0
0,-461.87,-402.82,-346.41,-288.67,-230.94,-172.77,-115.45,-57.724,-253.86,-132.66,40.635,144.48,248.31,0,351.1,456.27,559.8,663.59,0,0,0,0,0,-548.39,-490.7,-432.11,-375.28,-317.54,-259.81,-201.72,-144.32,-86.561,-28.863,-256.71,-135.51,46.478,150.29,254.12,357.28,461.98,565.61,669.51,0,0,773.26,0,0
0,-466.68,-407,-350.02,-291.68,-233.34,-174.58,-116.65,-58.326,-256.53,-134.06,42.338,146.84,251.32,0,354.75,460.6,564.79,669.23,0,0,0,0,0,-554.1,-495.81,-436.6,-379.19,-320.85,-262.51,-203.83,-145.82,-87.463,-29.164,-259.42,-136.95,48.455,152.92,257.41,361.21,466.58,570.88,675.43,0,0,779.83,0,0
0,-471.49,-411.18,-353.63,-294.69,-235.75,-176.38,-117.86,-58.927,-259.2,-135.46,42.588,148.23,253.86,0,358.4,465.42,570.75,676.33,0,0,0,0,0,-559.82,-500.92,-441.08,-383.1,-324.16,-265.22,-205.93,-147.33,-88.365,-29.464,-262.13,-138.39,48.735,154.34,259.98,364.89,471.43,576.86,682.56,0,0,788.1,0,0
0,-476.31,-415.33,-357.24,-297.7,-238.16,-178.18,-119.06,-59.529,-261.88,-136.87,42.838,149.62,256.39,0,362.03,470.23,576.7,683.43,0,0,0,0,0,-565.53,-506.04,-445.56,-387.01,-327.47,-267.93,-208.04,-148.83,-89.267,-29.765,-264.83,-139.82,49.016,155.76,262.54,368.57,476.27,582.85,689.69,0,0,796.37,0,0
0,-481.12,-419.49,-360.84,-300.7,-240.56,-179.99,-120.26,-60.13,-264.55,-138.27,43.088,151.01,258.92,0,365.66,475.05,582.66,690.53,0,0,0,0,0,-571.24,-511.15,-450.04,-390.92,-330.77,-270.63,-210.14,-150.33,-90.169,-30.066,-267.54,-141.26,49.296,157.19,265.1,372.25,481.12,588.84,696.82,0,0,804.64,0,0
0,-485.93,-423.65,-364.45,-303.71,-242.97,-181.79,-121.47,-60.731,-267.22,-139.67,44.77,153.36,261.93,0,369.29,479.39,587.66,696.19,0,0,0,0,0,-576.96,-516.26,-454.52,-394.82,-334.08,-273.34,-212.25,-151.84,-91.071,-30.367,-270.24,-142.69,51.248,159.8,268.38,376.17,485.73,594.11,702.75,0,0,811.24,0,0
0,-490.74,-427.81,-368.06,-306.72,-245.37,-183.6,-122.67,-61.333,-269.89,-141.07,44.95,154.7,264.44,0,372.92,484.22,593.66,703.36,0,0,0,0,0,-582.67,-521.37,-459,-398.73,-337.39,-276.05,-214.35,-153.34,-91.973,-30.667,-272.95,-144.13,51.447,161.17,270.91,379.84,490.59,600.13,709.94,0,0,819.6,0,0
0,-495.55,-432,-371.67,-309.72,-247.78,-185.4,-123.87,-61.934,-272.57,-142.48,45.13,156.05,266.95,0,376.58,489.06,599.67,710.53,0,0,0,0,0,-588.38,-526.48,-463.48,-402.64,-340.7,-278.75,-216.46,-154.85,-92.875,-30.968,-275.65,-145.57,51.646,162.53,273.44,383.51,495.44,606.16,717.13,0,0,827.95,0,0
0,-500.36,-436.2,-375.28,-312.73,-250.18,-187.2,-125.07,-62.536,-275.24,-143.88,45.311,157.39,269.46,0,380.24,493.9,605.67,717.7,0,0,0,0,0,-594.1,-531.6,-467.97,-406.55,-344,-281.46,-218.56,-156.35,-93.778,-31.269,-278.36,-147,51.845,163.89,275.97,387.18,500.3,612.18,724.32,0,0,836.3,0,0
0,-505.17,-440.39,-378.89,-315.74,-252.59,-189.01,-126.28,-63.137,-277.91,-145.28,46.931,159.7,272.45,0,383.91,498.26,610.72,723.43,0,0,0,0,0,-599.81,-536.71,-472.45,-410.46,-347.31,-284.16,-220.67,-157.85,-94.68,-31.569,-281.06,-148.44,53.724,166.46,279.22,391.09,504.92,617.48,730.31,0,0,842.97,0,0
0,-509.99,-444.59,-382.5,-318.74,-255,-190.81,-127.48,-63.738,-280.58,-146.69,47.141,161.06,274.97,0,387.57,503.09,616.7,730.57,0,0,0,0,0,-605.52,-541.82,-476.93,-414.37,-350.62,-286.87,-222.77,-159.36,-95.582,-31.87,-283.77,-149.88,53.959,167.85,281.77,394.76,509.77,623.49,737.47,0,0,851.29,0,0
0,-514.8,-448.78,-386.1,-321.75,-257.4,-192.62,-128.68,-64.34,-283.25,-148.09,47.352,162.43,277.5,0,391.23,507.92,622.68,737.71,0,0,0,0,0,-611.24,-546.93,-481.41,-418.28,-353.93,-289.58,-224.88,-160.86,-96.484,-32.171,-286.48,-151.31,54.193,169.24,284.31,398.44,514.63,629.5,744.63,0,0,859.61,0,0
0,-519.61,-452.98,-389.71,-324.76,-259.81,-194.42,-129.89,-64.941,-285.93,-149.49,47.563,163.8,280.02,0,394.89,512.75,628.67,744.84,0,0,0,0,0,-616.95,-552.04,-485.89,-422.19,-357.24,-292.28,-226.98,-162.36,-97.386,-32.471,-289.18,-152.75,54.428,170.63,286.85,402.11,519.48,635.5,751.79,0,0,867.92,0,0
0,-524.42,-457.17,-393.32,-327.77,-262.21,-196.23,-131.09,-65.543,-288.6,-150.89,49.333,166.2,283.06,0,398.55,517.06,633.61,750.42,0,0,0,0,0,-622.66,-557.16,-490.37,-426.1,-360.54,-294.99,-229.09,-163.87,-98.288,-32.772,-291.89,-154.18,56.482,173.32,290.18,406.04,524.07,640.73,757.65,0,0,874.42,0,0
0,-529.23,-461.37,-396.93,-330.77,-264.62,-198.03,-132.29,-66.144,-291.27,-152.3,49.475,167.52,285.55,0,402.22,521.91,639.64,757.63,0,0,0,0,0,-628.38,-562.27,-494.84,-430.01,-363.85,-297.7,-231.19,-165.37,-99.19,-33.073,-294.59,-155.62,56.637,174.65,292.69,409.71,528.94,646.77,764.87,0,0,882.82,0,0
0,-534.04,-465.58,-400.54,-333.78,-267.02,-199.83,-133.49,-66.745,-293.94,-153.7,49.616,168.84,288.05,0,405.89,526.77,645.67,764.84,0,0,0,0,0,-634.09,-567.38,-499.33,-433.92,-367.16,-300.4,-233.3,-166.87,-100.09,-33.374,-297.3,-157.06,56.791,175.98,295.2,413.37,533.8,652.82,772.09,0,0,891.21,0,0
0,-538.85,-469.8,-404.15,-336.79,-269.43,-201.64,-134.7,-67.347,-296.62,-155.1,49.758,170.16,290.55,0,409.57,531.62,651.7,772.05,0,0,0,0,0,-639.8,-572.49,-503.81,-437.83,-370.47,-303.11,-235.4,-168.38,-100.99,-33.674,-300,-158.49,56.945,177.31,297.71,417.03,538.67,658.86,779.31,0,0,899.61,0,0
0,-543.66,-474.01,-407.75,-339.79,-271.83,-203.44,-135.9,-67.948,-299.29,-156.5,51.559,172.59,293.6,0,413.25,535.92,656.63,777.6,0,0,0,0,0,-645.52,-577.6,-508.29,-441.73,-373.77,-305.82,-237.51,-169.88,-101.9,-33.975,-302.71,-159.93,59.035,180.03,301.05,420.98,543.25,664.07,785.15,0,0,906.07,0,0
0,-548.48,-478.23,-411.36,-342.8,-274.24,-205.25,-137.1,-68.55,-301.96,-157.91,51.758,173.94,296.11,0,416.93,540.75,662.62,784.75,0,0,0,0,0,-651.23,-582.72,-512.77,-445.64,-377.08,-308.52,-239.61,-171.38,-102.8,-34.276,-305.41,-161.36,59.256,181.41,303.58,424.65,548.11,670.08,792.32,0,0,914.4,0,0
0,-553.29,-482.43,-414.97,-345.81,-276.65,-207.05,-138.31,-69.151,-304.63,-159.31,51.956,175.3,298.63,0,420.6,545.59,668.61,791.9,0,0,0,0,0,-656.94,-587.83,-517.25,-449.55,-380.39,-311.23,-241.72,-172.89,-103.7,-34.576,-308.12,-162.8,59.476,182.79,306.12,428.32,552.96,676.1,799.49,0,0,922.73,0,0
0,-558.1,-486.63,-418.58,-348.82,-279.05,-208.86,-139.51,-69.752,-307.3,-160.71,52.155,176.66,301.15,0,424.27,550.42,674.61,799.05,0,0,0,0,0,-662.66,-592.94,-521.74,-453.46,-383.7,-313.93,-243.82,-174.39,-104.6,-34.877,-310.83,-164.24,59.696,184.16,308.66,431.99,557.82,682.11,806.67,0,0,931.07,0,0
0,-562.91,-490.83,-422.19,-351.82,-281.46,-210.66,-140.71,-70.354,-309.98,-162.12,54.028,179.13,304.22,0,427.94,554.7,679.48,804.53,0,0,0,0,0,-668.37,-598.05,-526.22,-457.37,-387.01,-316.64,-245.93,-175.89,-105.51,-35.178,-313.53,-165.67,61.871,186.94,312.04,435.95,562.39,687.29,812.44,0,0,937.44,0,0
0,-567.72,-495.03,-425.8,-354.83,-283.86,-212.46,-141.91,-70.955,-312.65,-163.52,54.252,180.51,306.75,0,431.6,559.52,685.46,811.66,0,0,0,0,0,-674.08,-603.16,-530.7,-461.28,-390.31,-319.35,-248.03,-177.4,-106.41,-35.478,-316.24,-167.11,62.121,188.34,314.59,439.62,567.24,693.29,819.59,0,0,945.74,0,0
0,-572.53,-499.21,-429.4,-357.84,-286.27,-214.27,-143.12,-71.557,-315.32,-164.92,54.475,181.88,309.27,0,435.25,564.35,691.43,818.78,0,0,0,0,0,-679.8,-608.28,-535.18,-465.19,-393.62,-322.05,-250.14,-178.9,-107.31,-35.779,-318.94,-168.54,62.37,189.74,317.14,443.3,572.1,699.29,826.75,0,0,954.05,0,0
0,-577.34,-503.4,-433.01,-360.84,-288.67,-216.07,-144.32,-72.158,-317.99,-166.32,54.699,183.25,311.79,0,438.91,569.17,697.41,825.91,0,0,0,0,0,-685.51,-613.39,-539.65,-469.1,-396.93,-324.76,-252.24,-180.41,-108.21,-36.08,-321.65,-169.98,62.62,191.14,319.69,446.97,576.95,705.29,833.9,0,0,962.35,0,0
0,-582.15,-507.58,-436.62,-363.85,-291.08,-217.88,-145.52,-72.76,-320.67,-167.73,56.52,185.69,314.85,0,442.56,573.46,702.32,831.43,0,0,0,0,0,-691.22,-618.5,-544.13,-473.01,-400.24,-327.47,-254.35,-181.91,-109.11,-36.381,-324.35,-171.42,64.733,193.87,323.04,450.91,581.53,710.49,839.72,0,0,968.79,0,0
0,-586.97,-511.76,-440.23,-366.86,-293.49,-219.68,-146.73,-73.361,-323.34,-169.13,56.644,187,317.34,0,446.21,578.32,708.36,838.66,0,0,0,0,0,-696.94,-623.61,-548.61,-476.92,-403.54,-330.17,-256.45,-183.41,-110.02,-36.681,-327.06,-172.85,64.867,195.19,325.54,454.57,586.4,716.54,846.95,0,0,977.2,0,0
0,-591.78,-515.93,-443.84,-369.86,-295.89,-221.49,-147.93,-73.962,-326.01,-170.53,56.768,188.31,319.83,0,449.85,583.18,714.4,845.88,0,0,0,0,0,-702.65,-628.72,-553.08,-480.83,-406.85,-332.88,-258.56,-184.92,-110.92,-36.982,-329.76,-174.29,65.001,196.51,328.04,458.22,591.26,722.59,854.19,0,0,985.62,0,0
0,-596.59,-520.1,-447.45,-372.87,-298.3,-223.29,-149.13,-74.564,-328.68,-171.94,56.892,189.62,322.33,0,453.49,588.03,720.44,853.11,0,0,0,0,0,-708.36,-633.84,-557.55,-484.74,-410.16,-335.59,-260.66,-186.42,-111.82,-37.283,-332.47,-175.72,65.134,197.82,330.54,461.87,596.13,728.65,861.42,0,0,994.04,0,0
0,-601.4,-524.26,-451.06,-375.88,-300.7,-225.09,-150.33,-75.165,-331.35,-173.34,58.683,192.04,325.37,0,457.12,592.34,725.37,858.66,0,0,0,0,0,-714.08,-638.95,-562.02,-488.64,-413.47,-338.29,-262.77,-187.92,-112.72,-37.583,-335.18,-177.16,67.213,200.53,333.88,465.8,600.72,733.86,867.26,0,0,1000.5,0,0
0,-606.21,-528.43,-454.66,-378.89,-303.11,-226.9,-151.54,-75.767,-334.03,-174.74,58.801,193.34,327.86,0,460.76,597.2,731.42,865.89,0,0,0,0,0,-719.79,-644.06,-566.49,-492.55,-416.78,-341,-264.87,-189.43,-113.62,-37.884,-337.88,-178.6,67.339,201.84,336.37,469.45,605.59,739.92,874.5,0,0,1008.9,0,0
0,-611.02,-532.61,-458.27,-381.89,-305.51,-228.7,-152.74,-76.368,-336.7,-176.14,58.918,194.64,330.35,0,464.41,602.06,737.46,873.13,0,0,0,0,0,-725.5,-649.17,-570.96,-496.46,-420.08,-343.7,-266.98,-190.93,-114.53,-38.185,-340.59,-180.03,67.465,203.15,338.87,473.1,610.46,745.97,881.74,0,0,1017.4,0,0
0,-615.83,-536.78,-461.88,-384.9,-307.92,-230.51,-153.94,-76.969,-339.37,-177.55,59.035,195.94,332.84,0,468.05,606.92,743.51,880.36,0,0,0,0,0,-731.22,-654.28,-575.43,-500.37,-423.39,-346.41,-269.08,-192.43,-115.43,-38.486,-343.29,-181.47,67.591,204.47,341.37,476.75,615.33,752.02,888.98,0,0,1025.8,0,0
0,-620.64,-540.96,-465.49,-387.91,-310.33,-232.31,-155.14,-77.571,-342.04,-178.95,60.829,198.37,335.89,0,471.7,611.22,748.43,885.91,0,0,0,0,0,-736.93,-659.4,-579.9,-504.28,-426.7,-349.12,-271.19,-193.94,-116.33,-38.786,-346,-182.9,69.672,207.17,344.71,480.68,619.91,757.24,894.82,0,0,1032.3,0,0
0,-625.46,-545.13,-469.1,-390.91,-312.73,-234.11,-156.35,-78.172,-344.72,-180.35,60.99,199.7,338.39,0,475.34,616.06,754.45,893.1,0,0,0,0,0,-742.64,-664.51,-584.38,-508.19,-430.01,-351.82,-273.29,-195.44,-117.23,-39.087,-348.7,-184.34,69.849,208.52,347.22,484.34,624.78,763.27,902.03,0,0,1040.6,0,0
0,-630.27,-549.28,-472.71,-393.92,-315.14,-235.92,-157.55,-78.774,-347.39,-181.75,61.152,201.03,340.9,0,478.96,620.91,760.47,900.28,0,0,0,0,0,-748.36,-669.62,-588.84,-512.1,-433.31,-354.53,-275.39,-196.94,-118.13,-39.388,-351.41,-185.78,70.026,209.87,349.74,487.99,629.64,769.3,909.23,0,0,1049,0,0
0,-635.08,-553.43,-476.31,-396.93,-317.54,-237.72,-158.75,-79.375,-350.06,-183.16,61.313,202.36,343.4,0,482.59,625.75,766.48,907.47,0,0,0,0,0,-754.07,-674.73,-593.3,-516.01,-436.62,-357.24,-277.5,-198.45,-119.04,-39.688,-354.11,-187.21,70.204,211.22,352.26,491.64,634.5,775.33,916.43,0,0,1057.4,0,0
0,-634.74,-553.15,-476.06,-396.72,-317.37,-237.6,-158.67,-79.333,-349.89,-183.07,62.645,203.17,343.68,0,482.35,624.97,765.17,905.64,0,0,0,0,0,-755.24,-675.78,-594.23,-516.81,-437.3,-357.79,-277.93,-198.75,-119.22,-39.75,-354.68,-187.52,71.903,212.68,353.49,492.65,635.26,775.86,916.72,0,0,1057.4,0,0
